date,account_value,securities_value,cash
2023-01-30,40000.0,0.0,40000.0
2023-01-31,40038.1201,5965.2001,34072.92
2023-02-01,40098.4199,6025.4999,34072.92
2023-02-02,40170.41,9321.49,30848.92
2023-02-03,42040.4599,5127.1999,36913.26
2023-02-06,41996.8601,7168.8401,34828.02
2023-02-07,42026.3503,21102.8803,20923.47
2023-02-08,41802.28,20878.81,20923.47
2023-02-09,41641.8397,18867.1497,22774.69
2023-02-10,41541.1906,20175.9006,21365.29
2023-02-13,41778.34,20413.05,21365.29
2023-02-14,41902.63,20537.34,21365.29
2023-02-15,42064.5703,20699.2803,21365.29
2023-02-16,41628.8294,41602.3294,26.5
2023-02-17,43590.39,41563.89,2026.5
2023-02-21,43028.9598,21651.8598,21377.1
2023-02-22,42726.3405,39992.6005,2733.74
2023-02-23,42675.8003,39942.0603,2733.74
2023-02-24,42407.7305,39673.9905,2733.74
2023-02-27,42556.2299,39822.4899,2733.74
2023-02-28,42669.6893,39870.0593,2799.63
2023-03-01,42888.4102,40088.7802,2799.63
2023-03-02,40122.8049,35418.5149,4704.29
2023-03-03,40147.3804,31684.0904,8463.29
2023-03-06,39948.31,31485.02,8463.29
2023-03-07,39414.6798,30951.3898,8463.29
2023-03-08,40458.5597,34552.2697,5906.29
2023-03-09,40168.6198,34262.3298,5906.29
2023-03-10,41784.7596,26430.5296,15354.23
2023-03-13,41800.5599,41585.3399,215.22
2023-03-14,41962.9804,41747.7604,215.22
2023-03-15,40309.7807,37201.1207,3108.66
2023-03-16,40375.2701,40316.6101,58.66
2023-03-17,40878.25,40819.59,58.66
2023-03-20,41191.3,41132.64,58.66
2023-03-21,40894.0099,40835.3499,58.66
2023-03-22,40714.3101,40655.6501,58.66
2023-03-23,41023.3598,40964.6998,58.66
2023-03-24,41055.9699,40978.0099,77.96
2023-03-27,40851.5299,40773.5699,77.96
2023-03-28,41067.1201,41061.8801,5.24
2023-03-29,41220.6099,41215.3699,5.24
2023-03-30,41329.3498,41324.1098,5.24
2023-03-31,41466.0504,41449.9604,16.09
2023-04-03,41387.7297,41371.6397,16.09
2023-04-04,41720.9009,41654.4809,66.42
2023-04-05,41830.0146,41763.5946,66.42
2023-04-06,41845.834,41779.414,66.42
2023-04-10,41916.7464,41839.8464,76.9
2023-04-11,42329.6214,42149.1314,180.49
2023-04-12,42376.8609,42196.3709,180.49
2023-04-13,42665.5154,42485.0254,180.49
2023-04-14,42386.8048,42206.3148,180.49
2023-04-17,42214.3976,41887.0876,327.31
2023-04-18,42249.4911,41922.1811,327.31
2023-04-19,42174.3917,41847.0817,327.31
2023-04-20,42008.1811,41680.8711,327.31
2023-04-21,41761.1458,41433.8358,327.31
2023-04-24,41952.7191,41632.7591,319.96
2023-04-25,41906.8073,38269.5373,3637.27
2023-04-26,41831.6632,38194.3932,3637.27
2023-04-27,42164.8577,38527.5877,3637.27
2023-04-28,42249.6973,38610.0773,3639.62
2023-05-01,41829.8603,41672.8403,157.02
2023-05-02,42126.8297,41969.8097,157.02
2023-05-03,42185.5636,42028.5436,157.02
2023-05-04,42217.7488,42060.7288,157.02
2023-05-05,42304.4288,42136.6888,167.74
2023-05-08,42071.7965,41848.8565,222.94
2023-05-09,42133.7063,41910.7663,222.94
2023-05-10,42233.3956,42010.4556,222.94
2023-05-11,41966.8503,41743.9103,222.94
2023-05-12,41886.4285,41663.4885,222.94
2023-05-15,42111.0129,41888.0729,222.94
2023-05-16,41751.7016,41528.7616,222.94
2023-05-17,41852.8711,41629.9311,222.94
2023-05-18,41543.7058,41320.7658,222.94
2023-05-19,41543.1601,41320.2201,222.94
2023-05-22,41584.4938,41543.9438,40.55
2023-05-23,41455.3764,41414.8264,40.55
2023-05-24,40969.8339,34190.1739,6779.66
2023-05-25,40817.367,30907.737,9909.63
2023-05-26,40860.6413,30951.0113,9909.63
2023-05-30,39118.489,36115.959,3002.53
2023-05-31,39001.1088,35990.9888,3010.12
2023-06-01,39115.5177,36105.3977,3010.12
2023-06-02,39149.0733,39128.7533,20.32
2023-06-05,38975.7912,38955.4712,20.32
2023-06-06,39120.9152,36197.8852,2923.03
2023-06-07,39156.4285,36233.3985,2923.03
2023-06-08,39243.3443,36320.3143,2923.03
2023-06-09,39170.7503,36247.7203,2923.03
2023-06-12,41009.2871,38432.9371,2576.35
2023-06-13,41135.0465,38558.6965,2576.35
2023-06-14,41046.7409,38470.3909,2576.35
2023-06-15,41152.7555,38576.4055,2576.35
2023-06-16,41468.82,38954.77,2514.05
2023-06-20,39443.1219,39219.0219,224.1
2023-06-21,39448.1597,35639.8697,3808.29
2023-06-22,39453.5515,35645.2615,3808.29
2023-06-23,39470.1933,35611.2833,3858.91
2023-06-26,39372.0102,38928.3902,443.62
2023-06-27,39417.8766,38974.2566,443.62
2023-06-28,39464.3245,35236.6345,4227.69
2023-06-29,39706.7624,35479.0724,4227.69
2023-06-30,39716.6945,35478.8545,4237.84
2023-07-03,41587.6718,40385.3118,1202.36
2023-07-05,41535.3694,40333.0094,1202.36
2023-07-06,41446.0827,40243.7227,1202.36
2023-07-07,41501.2153,40298.8553,1202.36
2023-07-10,41625.9791,40423.6191,1202.36
2023-07-11,41769.7769,40459.8169,1309.96
2023-07-12,41855.0847,40545.1247,1309.96
2023-07-13,42006.4527,40696.4927,1309.96
2023-07-14,41884.7502,40574.7902,1309.96
2023-07-17,41927.5645,40617.6045,1309.96
2023-07-18,42011.7418,40701.7818,1309.96
2023-07-19,42010.6203,40700.6603,1309.96
2023-07-20,41923.6382,40613.6782,1309.96
2023-07-21,41966.1356,40656.1756,1309.96
2023-07-24,41814.0291,37989.0491,3824.98
2023-07-25,41855.5048,38030.5248,3824.98
2023-07-26,41919.5058,34618.2158,7301.29
2023-07-27,41766.5235,34465.2335,7301.29
2023-07-28,41852.9009,34551.6109,7301.29
2023-07-31,41922.4428,40593.4528,1328.99
2023-08-01,41907.0218,40578.0318,1328.99
2023-08-02,41708.5009,34418.7809,7289.72
2023-08-03,41833.4078,34543.6878,7289.72
2023-08-04,41691.6066,34401.8866,7289.72
2023-08-07,41480.7898,37867.0098,3613.78
2023-08-08,41331.3563,37765.7163,3565.64
2023-08-09,41261.9469,37696.3069,3565.64
2023-08-10,41339.2507,37773.6107,3565.64
2023-08-11,41411.3489,37845.7089,3565.64
2023-08-14,41422.5237,37856.8837,3565.64
2023-08-15,41265.1981,37699.5581,3565.64
2023-08-16,41195.7603,34164.9503,7030.81
2023-08-17,41136.8869,34106.0769,7030.81
2023-08-18,41154.4433,34123.6333,7030.81
2023-08-21,38748.993,35521.683,3227.31
2023-08-22,39986.0606,36005.4506,3980.61
2023-08-23,39970.0858,35989.4758,3980.61
2023-08-24,39938.7766,35958.1666,3980.61
2023-08-25,39960.742,35980.132,3980.61
2023-08-28,40057.6741,36077.0641,3980.61
2023-08-29,40150.275,40085.665,64.61
2023-08-30,40076.8113,40012.2013,64.61
2023-08-31,39807.4463,39723.1063,84.34
2023-09-01,39844.8822,39760.5422,84.34
2023-09-05,41399.6497,41238.7997,160.85
2023-09-06,41258.4298,41097.5798,160.85
2023-09-07,41167.1199,41062.3499,104.77
2023-09-08,41270.88,41166.11,104.77
2023-09-11,41304.2804,41198.0504,106.23
2023-09-12,41458.82,41352.59,106.23
2023-09-13,41469.5499,41363.3199,106.23
2023-09-14,41837.4194,41731.1894,106.23
2023-09-15,41770.4095,41664.1795,106.23
2023-09-18,41812.5606,41706.3306,106.23
2023-09-19,41955.9502,41849.7202,106.23
2023-09-20,41848.7108,41742.4808,106.23
2023-09-21,41801.1701,41654.7801,146.39
2023-09-22,43449.6305,39762.0605,3687.57
2023-09-25,43555.7835,43369.5135,186.27
2023-09-26,43374.6697,43188.3997,186.27
2023-09-27,43368.1605,39816.4105,3551.75
2023-09-28,43511.5803,39959.8303,3551.75
2023-09-29,43370.6602,39816.9602,3553.7
2023-10-02,43442.8805,43434.4905,8.39
2023-10-03,43428.8795,43420.4895,8.39
2023-10-04,43328.6303,43320.2403,8.39
2023-10-05,43324.8694,43316.4794,8.39
2023-10-06,43540.8595,43532.4695,8.39
2023-10-09,43500.4706,43447.9906,52.48
2023-10-10,43628.0902,43555.2602,72.83
2023-10-11,43576.8997,43504.0697,72.83
2023-10-12,43438.1393,38254.4793,5183.66
2023-10-13,43624.5296,38440.8696,5183.66
2023-10-16,43955.1062,43947.8362,7.27
2023-10-17,44059.2978,44052.0278,7.27
2023-10-18,44032.2588,44024.9888,7.27
2023-10-19,44150.3269,44143.0569,7.27
2023-10-20,44173.4015,39069.6815,5103.72
2023-10-23,44318.5541,44217.3341,101.22
2023-10-24,44829.597,44728.377,101.22
2023-10-25,45332.8798,45275.6698,57.21
2023-10-26,44938.7802,44881.5702,57.21
2023-10-27,44809.4897,44752.2797,57.21
2023-10-30,45048.2407,44991.0307,57.21
2023-10-31,45457.1599,45396.2499,60.91
2023-11-01,45599.0798,45538.1698,60.91
2023-11-02,45579.7799,45518.8699,60.91
2023-11-03,46377.7792,45191.8692,1185.91
2023-11-06,46264.6695,41171.0295,5093.64
2023-11-07,46214.8195,41121.1795,5093.64
2023-11-08,45977.2002,40841.7502,5135.45
2023-11-09,46383.8205,41248.3705,5135.45
2023-11-10,46557.6795,41422.2295,5135.45
2023-11-13,46652.7901,46598.6001,54.19
2023-11-14,46966.6303,46912.4403,54.19
2023-11-15,47358.9101,47304.7201,54.19
2023-11-16,46876.2696,46822.0796,54.19
2023-11-17,47200.3397,47146.1497,54.19
2023-11-20,43655.4898,43612.0598,43.43
2023-11-21,43658.0725,43614.6425,43.43
2023-11-22,43888.9255,43845.4955,43.43
2023-11-24,44001.6646,43958.2346,43.43
2023-11-27,43687.8004,43646.9504,40.85
2023-11-28,43734.92,43694.07,40.85
2023-11-29,43232.518,43191.668,40.85
2023-11-30,43664.7945,43618.4245,46.37
2023-12-01,43498.3142,43451.9442,46.37
2023-12-04,43947.7101,43901.3401,46.37
2023-12-05,44045.8184,43999.4484,46.37
2023-12-06,45089.69,43943.32,1146.37
2023-12-07,44757.0695,37742.6895,7014.38
2023-12-08,45028.0879,37971.1679,7056.92
2023-12-11,44416.3823,44415.2823,1.1
2023-12-12,44553.7432,44552.6432,1.1
2023-12-13,44574.5798,44573.4798,1.1
2023-12-14,44228.0701,44226.9701,1.1
2023-12-15,43828.4516,43827.3516,1.1
2023-12-18,49230.0876,49228.5476,1.54
2023-12-19,49330.2712,49328.7312,1.54
2023-12-20,50384.3638,50383.3638,1.0
2023-12-21,50757.9187,50546.7987,211.12
2023-12-22,50747.6821,50536.5621,211.12
2023-12-26,50581.9168,50432.8768,149.04
2023-12-27,50217.3134,50063.6434,153.67
2023-12-28,49812.4878,49520.6678,291.82
2023-12-29,49946.0924,49516.3124,429.78
2024-01-02,50597.1528,50587.1828,9.97
2024-01-03,49706.7153,49696.7453,9.97
2024-01-04,149828.6707,49818.7007,100009.97
2024-01-05,149785.6668,49775.6968,100009.97
2024-01-08,150634.6743,50427.9543,100206.72
2024-01-09,150531.5717,125909.6517,24621.92
2024-01-10,150397.6466,150377.5066,20.14
2024-01-11,150311.5484,150291.4084,20.14
2024-01-12,149954.2,149934.06,20.14
2024-01-16,148820.6469,148797.3769,23.27
2024-01-17,147508.0676,147484.7976,23.27
2024-01-18,148025.7397,148002.4697,23.27
2024-01-19,149541.869,149518.599,23.27
2024-01-22,149544.4941,149521.2241,23.27
2024-01-23,149500.7523,149477.4823,23.27
2024-01-24,149050.454,149027.184,23.27
2024-01-25,149707.5506,149684.2806,23.27
2024-01-26,150238.3295,150215.0595,23.27
2024-01-29,152068.6124,152045.3424,23.27
2024-01-30,151739.3841,151716.1141,23.27
2024-01-31,149821.937,149712.977,108.96
2024-02-01,149878.5096,149877.4296,1.08
2024-02-02,150082.6533,150081.5733,1.08
2024-02-05,150050.7354,150049.6554,1.08
2024-02-06,149862.8775,149861.7975,1.08
2024-02-07,150498.7595,150497.6795,1.08
2024-02-08,150651.1327,150385.7627,265.37
2024-02-09,151382.7984,151117.4284,265.37
2024-02-12,150882.0803,150616.7103,265.37
2024-02-13,150982.3458,150716.9758,265.37
2024-02-14,150882.0481,150616.6781,265.37
2024-02-15,150753.0348,150487.6648,265.37
2024-02-16,151165.7855,150900.4155,265.37
2024-02-20,152661.2787,152659.6887,1.59
2024-02-21,152758.4726,152756.8826,1.59
2024-02-22,154453.5098,154451.9198,1.59
2024-02-23,154603.7,154602.11,1.59
2024-02-26,155009.057,155007.467,1.59
2024-02-27,154673.0201,154671.4301,1.59
2024-02-28,155760.3695,155758.7795,1.59
2024-02-29,156115.1935,156113.9935,1.2
2024-03-01,158616.3087,158615.1087,1.2
2024-03-04,160731.513,160730.313,1.2
2024-03-05,158640.8747,158639.6747,1.2
2024-03-06,161016.8549,161015.6549,1.2
2024-03-07,162492.1814,162490.9814,1.2
2024-03-08,162894.9712,162893.7712,1.2
2024-03-11,163314.7969,163313.5969,1.2
2024-03-12,162875.3283,162874.1283,1.2
2024-03-13,163729.3859,163728.1859,1.2
2024-03-14,161679.2888,161678.0888,1.2
2024-03-15,160964.0943,160962.8943,1.2
2024-03-18,160656.0294,160654.8294,1.2
2024-03-19,160186.1761,160184.9761,1.2
2024-03-20,164024.1029,162522.9029,1501.2
2024-03-21,164215.3933,164203.7033,11.69
2024-03-22,162904.5852,162892.8952,11.69
2024-03-25,164894.4547,164882.7647,11.69
2024-03-26,164529.245,164517.555,11.69
2024-03-27,169760.8569,165668.9069,4091.95
2024-03-28,171467.6946,171462.9646,4.73
2024-04-01,171784.3441,171779.6141,4.73
2024-04-02,171020.8115,171016.0815,4.73
2024-04-03,171998.9309,171994.2009,4.73
2024-04-04,171166.8777,171162.1477,4.73
2024-04-05,172872.3273,172867.5973,4.73
2024-04-08,176110.0858,174605.3558,1504.73
2024-04-09,176877.4154,174672.6854,2204.73
2024-04-10,175113.8523,175112.7923,1.06
2024-04-11,177728.1467,177727.0867,1.06
2024-04-12,174451.971,174450.911,1.06
2024-04-15,173936.2947,173935.2347,1.06
2024-04-16,173797.1226,173796.0626,1.06
2024-04-17,171888.7611,171887.7011,1.06
2024-04-18,172516.57,172515.51,1.06
2024-04-19,172112.0211,172110.9611,1.06
2024-04-22,172832.3012,171331.2412,1501.06
2024-04-23,173764.3001,172263.2401,1501.06
2024-04-24,172996.0556,171494.9956,1501.06
2024-04-25,173261.2956,173259.6756,1.62
2024-04-26,174268.4602,174266.8402,1.62
2024-04-29,174341.7372,174340.1172,1.62
2024-04-30,170288.8361,170230.9061,57.93
2024-05-01,170247.7537,170189.8237,57.93
2024-05-02,171726.9475,171669.0175,57.93
2024-05-03,174908.6606,174894.0006,14.66
2024-05-06,177220.2407,177205.5807,14.66
2024-05-07,177324.0853,177309.4253,14.66
2024-05-08,176150.9474,176136.2874,14.66
2024-05-09,177773.2609,177758.6009,14.66
2024-05-10,176878.9537,176864.2937,14.66
2024-05-13,178407.3775,178392.7175,14.66
2024-05-14,179775.008,179760.348,14.66
2024-05-15,183298.5179,183283.8579,14.66
2024-05-16,182182.0883,182167.4283,14.66
2024-05-17,184786.8262,184772.1662,14.66
2024-05-20,187438.9984,187424.3384,14.66
2024-05-21,186363.1654,186348.5054,14.66
2024-05-22,183842.0628,145805.3928,38036.67
2024-05-23,181684.3804,143647.7104,38036.67
2024-05-24,183714.0203,145677.3503,38036.67
2024-05-28,183578.1192,183569.0792,9.04
2024-05-29,181070.4509,181061.4109,9.04
2024-05-30,181250.8027,181241.7627,9.04
2024-05-31,181719.2138,181692.6038,26.61
2024-06-03,182962.5398,182935.9298,26.61
2024-06-04,181526.4774,181499.8674,26.61
2024-06-05,184419.3863,184392.7763,26.61
2024-06-06,185228.9572,185202.3472,26.61
2024-06-07,180853.1692,180826.5592,26.61
2024-06-10,182265.1701,182238.5601,26.61
2024-06-11,181715.0797,181688.4697,26.61
2024-06-12,182783.2763,182756.6663,26.61
2024-06-13,181773.3274,181746.7174,26.61
2024-06-14,182761.126,182734.516,26.61
2024-06-17,183205.2412,183178.6312,26.61
2024-06-18,183246.1904,183219.5804,26.61
2024-06-20,184719.3212,184692.7112,26.61
2024-06-21,182639.8363,182613.2263,26.61
2024-06-24,181332.6765,181306.0665,26.61
2024-06-25,181943.076,181916.466,26.61
2024-06-26,181213.128,181186.518,26.61
2024-06-27,182009.6762,181983.0662,26.61
2024-06-28,181675.5082,181675.3182,0.19
2024-07-01,183171.1843,183170.9943,0.19
2024-07-02,183265.5913,183265.4013,0.19
2024-07-03,183661.3708,183661.1808,0.19
2024-07-05,187261.5872,183677.1872,3584.4
2024-07-08,186791.1665,186789.1465,2.02
2024-07-09,187213.7589,187211.7389,2.02
2024-07-10,187942.0871,187940.0671,2.02
2024-07-11,186301.1688,186299.1488,2.02
2024-07-12,186157.9334,186155.9134,2.02
2024-07-15,187541.1087,187539.0887,2.02
2024-07-16,188399.505,188397.485,2.02
2024-07-17,187807.9443,187805.9243,2.02
2024-07-18,187340.4296,187338.4096,2.02
2024-07-19,186915.602,186913.582,2.02
2024-07-22,187082.0224,187080.0024,2.02
2024-07-23,188410.0226,186408.0026,2002.02
2024-07-24,187689.6615,187081.7415,607.92
2024-07-25,185743.8484,185737.9184,5.93
2024-07-26,187351.8333,187345.9033,5.93
2024-07-29,222418.4235,187412.4935,35005.93
2024-07-30,222599.0955,187593.1655,35005.93
2024-07-31,225316.2316,225063.4816,252.75
2024-08-01,221369.3464,221115.8164,253.53
2024-08-02,217959.8372,217706.3072,253.53
2024-08-05,212867.1484,212863.7784,3.37
2024-08-06,214355.7574,214352.3874,3.37
2024-08-07,212406.7105,212403.3405,3.37
2024-08-08,218354.4682,218351.0982,3.37
2024-08-09,219263.1732,219259.8032,3.37
2024-08-12,220023.6388,220020.2688,3.37
2024-08-13,222672.6469,222669.2769,3.37
2024-08-14,220937.9178,220934.5478,3.37
2024-08-15,223146.2045,223142.8345,3.37
2024-08-16,226478.3267,226474.9567,3.37
2024-08-19,227357.1451,227353.7751,3.37
2024-08-20,226736.5,0.0,226736.5
2024-08-21,226736.5,0.0,226736.5
2024-08-22,226736.5,0.0,226736.5
2024-08-23,226736.5,0.0,226736.5
2024-08-26,226736.5,0.0,226736.5
2024-08-27,226736.5,0.0,226736.5
2024-08-28,226736.5,0.0,226736.5
2024-08-29,226736.5,0.0,226736.5
2024-08-30,227893.3337,227553.3937,339.94
2024-09-03,225842.9866,225503.0466,339.94
2024-09-04,225783.2367,225443.2967,339.94
2024-09-05,230189.4519,225849.5119,4339.94
2024-09-06,228077.0611,223737.1211,4339.94
2024-09-09,230210.3927,230209.5327,0.86
2024-09-10,230359.5313,230358.6713,0.86
2024-09-11,229993.9456,229993.0856,0.86
2024-09-12,231833.141,231832.281,0.86
2024-09-13,232424.9821,232424.1221,0.86
2024-09-16,232539.8264,232538.9664,0.86
2024-09-17,231557.6063,231556.7463,0.86
2024-09-18,230751.3067,230750.4467,0.86
2024-09-19,232004.0127,232003.1527,0.86
2024-09-20,234255.3972,232254.5372,2000.86
2024-09-23,234997.525,232996.665,2000.86
2024-09-24,237650.3933,235649.5333,2000.86
2024-09-25,237397.067,235396.207,2000.86
2024-09-26,238745.2135,236744.3535,2000.86
2024-09-27,237838.1608,235837.3008,2000.86
2024-09-30,237587.4434,235520.5034,2066.94
2024-10-01,239515.2142,239510.4442,4.77
2024-10-02,239357.6922,239352.9222,4.77
2024-10-03,238736.2668,238731.4968,4.77
2024-10-04,239662.0386,239657.2686,4.77
2024-10-07,237690.0925,237685.3225,4.77
2024-10-08,237096.6846,237091.9146,4.77
2024-10-09,237789.1532,237784.3832,4.77
2024-10-10,240465.7584,237960.9884,2504.77
2024-10-11,240734.68,238229.91,2504.77
2024-10-14,241226.5743,238721.8043,2504.77
2024-10-15,240070.152,240066.862,3.29
2024-10-16,240032.2512,240028.9612,3.29
2024-10-17,240664.8961,240661.6061,3.29
2024-10-18,243114.9633,241611.6733,1503.29
2024-10-21,243826.867,242323.577,1503.29
2024-10-22,245007.3717,243504.0817,1503.29
2024-10-23,243833.4121,243832.8821,0.53
2024-10-24,243799.3048,243798.7748,0.53
2024-10-25,244320.7573,244320.2273,0.53
2024-10-28,242934.7897,242934.2597,0.53
2024-10-29,250540.6254,245040.0954,5500.53
2024-10-30,250030.4444,244529.9144,5500.53
2024-10-31,248149.0724,248143.4224,5.65
2024-11-01,248194.7376,248189.0876,5.65
2024-11-04,247656.0858,247650.4358,5.65
2024-11-05,254006.4311,254003.4311,3.0
2024-11-06,258119.4305,258116.4305,3.0
2024-11-07,260856.8034,260853.8034,3.0
2024-11-08,260669.8327,260666.8327,3.0
2024-11-11,262915.7048,262912.7048,3.0
2024-11-12,261931.9402,261928.9402,3.0
2024-11-13,260265.203,260262.203,3.0
2024-11-14,257905.7382,257902.7382,3.0
2024-11-15,256890.0348,256887.0348,3.0
2024-11-18,259396.9636,259393.9636,3.0
2024-11-19,261567.4538,261564.4538,3.0
2024-11-20,262871.3933,262868.3933,3.0
2024-11-21,269012.3047,266259.3047,2753.0
2024-11-22,271865.2039,269112.2039,2753.0
2024-11-25,267974.211,265221.211,2753.0
2024-11-26,266581.5568,263828.5568,2753.0
2024-11-27,268583.0712,265830.0712,2753.0
2024-11-29,270498.2811,270480.9511,17.33
2024-12-02,269874.1976,269856.8676,17.33
2024-12-03,269925.2302,269907.9002,17.33
2024-12-04,272350.318,272332.988,17.33
2024-12-05,272490.6357,270623.3057,1867.33
2024-12-06,274082.8981,274082.6581,0.24
2024-12-09,272819.3069,272819.0669,0.24
2024-12-10,273949.1601,273948.9201,0.24
2024-12-11,278066.1168,278065.8768,0.24
2024-12-12,274720.3929,274720.1529,0.24
2024-12-13,274002.9809,274002.7409,0.24
2024-12-16,276848.0757,276847.8357,0.24
2024-12-17,275549.0579,275548.8179,0.24
2024-12-18,266442.7299,266442.4899,0.24
2024-12-19,264810.5222,264810.2822,0.24
2024-12-20,267862.2482,267152.5882,709.66
2024-12-23,266821.6695,266112.0095,709.66
2024-12-24,270206.8448,269497.1848,709.66
2024-12-26,270480.9427,269771.2827,709.66
2024-12-27,267620.6586,266910.9986,709.66
2024-12-30,265832.7191,265832.2591,0.46
2024-12-31,281431.6692,265811.0992,15620.57
2025-01-02,284129.2649,268508.6949,15620.57
2025-01-03,285365.3144,285365.1644,0.15
2025-01-06,287253.0086,287252.8586,0.15
2025-01-07,284361.7359,284361.5859,0.15
2025-01-08,283992.0067,283991.8567,0.15
2025-01-10,290073.38,290070.12,3.26
2025-01-13,288318.1624,288314.9024,3.26
2025-01-14,290480.2433,290476.9833,3.26
2025-01-15,295261.4626,295258.2026,3.26
2025-01-16,296018.2273,296014.9673,3.26
2025-01-17,298211.7706,298208.5106,3.26
2025-01-21,321338.066,321337.106,0.96
2025-01-22,322029.1413,322028.1813,0.96
2025-01-23,321950.0667,319461.3467,2488.72
2025-01-24,322715.7951,322713.0051,2.79
2025-01-27,330656.0887,317086.0187,13570.07
2025-01-28,333041.3489,319471.2789,13570.07
2025-01-29,333233.0438,319662.8638,13570.18
2025-01-30,336592.3304,323022.1504,13570.18
2025-01-31,334930.2206,334915.5706,14.65
2025-02-03,334175.5859,334158.2659,17.32
2025-02-04,336864.0596,336846.7396,17.32
2025-02-05,338537.4592,338513.7892,23.67
2025-02-06,338221.276,338197.606,23.67
2025-02-07,336258.4768,336234.8068,23.67
2025-02-10,340670.2309,340646.5609,23.67
2025-02-11,338807.8039,338784.1339,23.67
2025-02-12,338934.8027,338911.1327,23.67
2025-02-13,342238.4518,342214.7818,23.67
2025-02-14,340521.5286,340497.8586,23.67
2025-02-18,342690.8872,342667.2172,23.67
2025-02-19,343170.1345,343146.4645,23.67
2025-02-20,342956.5846,342932.9146,23.67
2025-02-21,337889.1958,337865.5258,23.67
2025-02-24,336994.2534,336970.5834,23.67
2025-02-25,331797.4058,331773.7358,23.67
2025-02-26,331207.3287,331183.6587,23.67
2025-02-27,325198.9549,325175.1649,23.79
2025-02-28,324871.7316,324868.4116,3.32
2025-03-03,326996.5975,323993.2775,3003.32
2025-03-04,327080.0555,324076.7355,3003.32
2025-03-05,327299.5052,324296.1852,3003.32
2025-03-06,328056.3885,324082.6585,3973.73
2025-03-07,328185.4637,324211.7337,3973.73
2025-03-10,327712.3695,327711.9395,0.43
2025-03-11,327944.1094,327943.6794,0.43
2025-03-12,328078.5696,328078.1396,0.43
2025-03-13,328139.304,328138.874,0.43
2025-03-14,328461.905,328461.475,0.43
2025-03-17,328615.4465,328615.0165,0.43
2025-03-18,328574.4735,328574.0435,0.43
2025-03-19,328803.7639,328803.3339,0.43
2025-03-20,328806.1612,328805.7312,0.43
2025-03-21,328841.6122,328841.1822,0.43
2025-03-24,329025.1136,329024.6836,0.43
2025-03-25,329133.3273,329132.8973,0.43
2025-03-26,329008.3324,329007.9024,0.43
2025-03-27,329184.6404,329184.2104,0.43
2025-03-28,329124.8425,329124.4125,0.43
2025-03-31,329232.2378,329200.1578,32.08
2025-04-01,328251.9769,328219.8969,32.08
2025-04-02,328172.9291,328140.8491,32.08
2025-04-03,328501.4975,328469.4175,32.08
2025-04-04,329497.3117,328383.0817,1114.23
2025-04-07,328919.0123,328900.8323,18.18
2025-04-08,329113.3844,329095.2044,18.18
2025-04-09,329146.3663,329128.1863,18.18
2025-04-10,329637.3945,329619.2145,18.18
2025-04-11,330133.9769,330115.7969,18.18
2025-04-14,330126.7395,330108.5595,18.18
2025-04-15,330151.8606,330133.6806,18.18
2025-04-16,330581.6599,330563.4799,18.18
2025-04-17,330586.4192,330568.2392,18.18
2025-04-21,331109.9734,331091.7934,18.18
2025-04-22,331064.4609,331046.2809,18.18
2025-04-23,330786.7802,330768.6002,18.18
2025-04-24,330705.7686,330687.5886,18.18
2025-04-25,330762.8589,330744.6789,18.18
2025-04-28,330876.009,330857.829,18.18
2025-04-29,330855.4016,330837.2216,18.18
2025-04-30,330874.9037,330872.9537,1.95
2025-05-01,329632.3898,329630.4398,1.95
2025-05-02,329656.0794,329654.1294,1.95
2025-05-05,329859.6488,329857.6988,1.95
2025-05-06,331362.6088,331362.1788,0.43
2025-05-07,331275.8171,331275.3871,0.43
2025-05-08,331214.1702,331213.7402,0.43
2025-05-09,331373.9019,331373.4719,0.43
2025-05-12,334216.2661,330715.8361,3500.43
2025-05-13,334264.3447,330763.9147,3500.43
2025-05-14,333999.2354,330498.8054,3500.43
2025-05-15,334361.681,330861.251,3500.43
2025-05-16,334448.4002,334447.3002,1.1
2025-05-19,334664.7096,334663.6096,1.1
2025-05-20,335017.9099,335016.8099,1.1
2025-05-21,335308.3466,335307.2466,1.1
2025-05-22,335341.089,335339.989,1.1
2025-05-23,335591.8594,335590.7594,1.1
2025-05-27,335323.673,335322.573,1.1
2025-05-28,335273.9891,335272.8891,1.1
2025-05-29,335240.9835,335239.8835,1.1
2025-05-30,335368.0148,335364.5348,3.48
2025-06-02,334919.677,334919.567,0.11
2025-06-03,334372.171,334372.061,0.11
2025-06-04,335397.2854,335397.1754,0.11
2025-06-05,334194.7019,333118.4419,1076.26
2025-06-06,334309.7771,333233.5171,1076.26
2025-06-09,336689.9544,336687.5344,2.42
2025-06-10,337583.5755,337581.1555,2.42
2025-06-11,342123.9757,337621.5557,4502.42
2025-06-12,343757.5549,343757.1149,0.44
2025-06-13,342409.7801,342409.3401,0.44
2025-06-16,341797.2914,341796.8514,0.44
2025-06-17,338107.5649,338107.1249,0.44
2025-06-18,336940.071,336939.631,0.44
2025-06-20,337989.4208,336145.8708,1843.55
2025-06-23,339901.7379,338058.1879,1843.55
2025-06-24,341215.0182,339371.4682,1843.55
2025-06-25,342100.5028,340256.9528,1843.55
2025-06-26,343089.6554,341246.1054,1843.55
2025-06-27,341763.1193,339919.5693,1843.55
2025-06-30,344434.8626,344430.6726,4.19
2025-07-01,343907.2169,343903.0269,4.19
2025-07-02,347494.167,347489.977,4.19
2025-07-03,347003.3436,346999.1536,4.19
2025-07-07,345485.8502,345481.6602,4.19
2025-07-08,345333.2437,345329.0537,4.19
2025-07-09,348805.9333,348801.7433,4.19
2025-07-10,354032.6269,349028.4369,5004.19
2025-07-11,356160.8814,351156.6914,5004.19
2025-07-14,356469.514,356467.434,2.08
2025-07-15,353488.7066,353486.6266,2.08
2025-07-16,355697.4641,355695.3841,2.08
2025-07-17,356125.4816,356123.4016,2.08
2025-07-18,355504.244,355502.164,2.08
2025-07-21,358178.3639,358176.2839,2.08
2025-07-22,360483.3664,360481.2864,2.08
2025-07-23,360715.3697,360713.2897,2.08
2025-07-24,359089.0062,359086.9262,2.08
2025-07-25,357370.8862,357368.8062,2.08
2025-07-28,355371.2138,355369.1338,2.08
2025-07-29,355696.1827,355694.1027,2.08
2025-07-30,352341.3266,352339.2466,2.08
2025-07-31,351785.7897,351778.0197,7.77
2025-08-01,350864.0012,350856.2312,7.77
2025-08-04,354858.6498,354850.8798,7.77
2025-08-05,354171.22,354163.45,7.77
2025-08-06,356251.7039,356243.9339,7.77
2025-08-07,359717.3581,359709.5881,7.77
2025-08-08,360344.9452,360337.1752,7.77
2025-08-11,358323.4332,358315.6632,7.77
2025-08-12,365315.0631,360307.2931,5007.77
2025-08-13,367811.0424,367810.9824,0.06
2025-08-14,365479.7684,365479.7084,0.06
2025-08-15,365335.631,365335.571,0.06
2025-08-18,364305.6753,364305.6153,0.06
2025-08-19,361434.2102,361434.1502,0.06
2025-08-20,363137.0383,363136.9783,0.06
2025-08-21,360775.7996,360775.7396,0.06
2025-08-22,366697.3331,366697.2731,0.06
2025-08-25,377223.0149,362222.9549,15000.06
2025-08-26,378391.2612,378390.2512,1.01
2025-08-27,378772.3561,378771.3461,1.01
2025-08-28,380739.4842,380738.4742,1.01
2025-08-29,379185.9232,379180.3532,5.57
2025-09-02,382010.2708,382004.7008,5.57
2025-09-03,384674.7699,384669.1999,5.57
2025-09-04,384157.2084,384151.6384,5.57
2025-09-05,387462.5616,387456.9916,5.57
2025-09-08,390787.8059,390782.2359,5.57
2025-09-09,390288.8086,390283.2386,5.57
2025-09-10,391493.7758,391488.2058,5.57
2025-09-11,397494.614,393239.044,4255.57
2025-09-12,399177.841,399177.591,0.25
2025-09-15,401837.2128,401836.9628,0.25
2025-09-16,402519.5586,402519.3086,0.25
2025-09-17,400009.1256,400008.8756,0.25
2025-09-18,401811.2259,401810.9759,0.25
2025-09-19,402793.9845,402793.7345,0.25
2025-09-22,404864.3697,404864.1197,0.25
2025-09-23,405005.6225,405005.3725,0.25
2025-09-24,403490.2448,403489.9948,0.25
2025-09-25,401159.1863,401158.9363,0.25
2025-09-26,403557.9318,403557.6818,0.25
2025-09-29,409509.3829,409509.1329,0.25
2025-09-30,411896.5799,411883.8399,12.74
2025-10-01,415191.2669,415178.5269,12.74
2025-10-02,417294.4671,417281.7271,12.74
2025-10-03,419237.8711,419225.1311,12.74
2025-10-06,423555.4072,423542.6672,12.74
2025-10-07,421097.9982,421085.2582,12.74
2025-10-08,426336.8736,426324.1336,12.74
2025-10-09,420999.0033,420986.2633,12.74
2025-10-10,415836.7005,419584.4605,-3747.76
2025-10-13,422338.2876,426086.0476,-3747.76
2025-10-14,425758.8946,425756.6546,2.24
2025-10-15,429097.5991,429095.3591,2.24
2025-10-16,432500.9792,432498.7392,2.24
2025-10-17,428865.8949,428863.6549,2.24
2025-10-20,439089.5261,439087.2861,2.24
2025-10-21,426862.2098,426859.9698,2.24
2025-10-22,423777.3134,423775.0734,2.24
2025-10-23,427137.6484,427135.4084,2.24
2025-10-24,427724.0566,427721.8166,2.24
2025-10-27,427439.1144,427436.8744,2.24
2025-10-28,426169.8281,426167.5881,2.24
2025-10-29,424181.5976,424179.3576,2.24
2025-10-30,423317.0372,423314.7972,2.24
2025-10-31,424124.0163,424114.9463,9.07
2025-11-03,422964.0083,422954.9383,9.07
2025-11-04,413205.9078,413196.8378,9.07
2025-11-05,418764.9791,418755.9091,9.07
2025-11-06,413565.1412,413556.0712,9.07
2025-11-07,416311.015,416301.945,9.07
2025-11-10,429298.8536,429298.7436,0.11
2025-11-11,428132.4066,428132.2966,0.11
2025-11-12,430047.6394,430047.5294,0.11
2025-11-13,422046.9105,422046.8005,0.11
2025-11-14,417118.6963,417118.5863,0.11
2025-11-17,411121.2206,411121.1106,0.11
2025-11-18,412075.4199,412075.3099,0.11
2025-11-19,411113.3804,411113.2704,0.11
2025-11-20,405526.1845,405526.0745,0.11
2025-11-21,407560.4898,407560.3798,0.11
2025-11-24,416834.5699,416834.4599,0.11
2025-11-25,418472.0935,418471.9835,0.11
2025-11-26,422975.5841,422975.4741,0.11
2025-11-28,427077.9206,427077.3906,0.53
2025-12-01,423606.4151,423606.4051,0.01
2025-12-02,423542.5071,423542.4971,0.01
2025-12-03,425578.7927,425578.7827,0.01
2025-12-04,426330.639,426330.629,0.01
2025-12-05,426771.5828,426771.5728,0.01
2025-12-08,426214.2606,426214.2506,0.01
2025-12-09,427657.616,427657.606,0.01
2025-12-10,435089.1583,435088.6883,0.47
2025-12-11,436841.3327,436840.8627,0.47
2025-12-12,433028.1761,433027.7061,0.47
2025-12-15,432131.5094,432131.0394,0.47
2025-12-16,428643.5555,428643.0855,0.47
2025-12-17,426608.3833,426607.9133,0.47
2025-12-18,429378.0459,429377.5759,0.47
2025-12-19,434757.7424,432415.3324,2342.41
2025-12-22,446458.4569,446456.5169,1.94
2025-12-23,449484.5597,449482.6197,1.94
2025-12-24,449703.2623,449701.3223,1.94
2025-12-26,451728.6292,451726.6892,1.94
2025-12-29,443934.1459,443932.2059,1.94
2025-12-30,443556.418,443554.478,1.94
2025-12-31,441182.981,441181.351,1.63
2026-01-02,445406.2505,445404.6205,1.63
2026-01-05,453109.0323,453107.4023,1.63
2026-01-06,458035.2994,458033.6694,1.63
2026-01-07,455706.76,455705.13,1.63
2026-01-08,456902.194,456900.564,1.63
2026-01-09,464347.5092,460345.8792,4001.63
2026-01-12,468548.5613,468547.8113,0.75
2026-01-13,467524.3402,467523.5902,0.75
2026-01-14,469648.508,469647.758,0.75
2026-01-15,470779.4828,470778.7328,0.75
2026-01-16,470132.9669,470132.2169,0.75
2026-01-20,472396.8481,472396.0981,0.75
2026-01-21,479890.5165,479889.7665,0.75
2026-01-22,485571.456,485570.706,0.75
2026-01-23,487484.8999,487484.1499,0.75
2026-01-26,490453.0421,490452.2921,0.75
2026-01-27,498829.6701,498828.9201,0.75
2026-01-28,506557.1246,506556.3746,0.75
2026-01-29,505616.494,505615.744,0.75
2026-01-30,480471.7197,480467.8897,3.83
2026-02-02,473218.6555,473214.8255,3.83
2026-02-03,487774.3633,487770.5333,3.83
2026-02-04,483929.0265,483925.1965,3.83
2026-02-05,476615.0919,476611.2619,3.83
2026-02-06,494160.7649,494150.3649,10.4
2026-02-09,501178.2583,501167.8583,10.4
2026-02-10,501547.108,501543.728,3.38
2026-02-11,506498.562,506495.182,3.38
2026-02-12,495549.1914,495545.8114,3.38
2026-02-13,501732.1212,501728.7412,3.38
2026-02-17,494683.6361,494680.2561,3.38
2026-02-18,502029.6007,502026.2207,3.38
2026-02-19,503936.984,503933.604,3.38
2026-02-20,511031.9899,511028.6099,3.38
2026-02-23,512847.4228,512844.0428,3.38
2026-02-24,514470.3078,514466.9278,3.38
2026-02-25,516173.184,516169.804,3.38
2026-02-26,518368.2163,518364.8363,3.38
2026-02-27,518972.0093,518969.2793,2.73
2026-03-02,520979.4297,520976.6997,2.73
2026-03-03,502170.3564,502167.6264,2.73
2026-03-04,506812.4285,506809.6985,2.73
2026-03-05,501666.7476,501664.0176,2.73
2026-03-06,505296.5158,505293.7858,2.73
2026-03-09,505620.4638,505617.7338,2.73
2026-03-10,510929.3764,515429.1264,-4499.75
2026-03-11,518622.1837,518621.9337,0.25
2026-03-12,511350.754,511350.504,0.25
2026-03-13,507872.3635,507872.1135,0.25
2026-03-16,511685.6569,511685.4069,0.25
2026-03-17,514578.5074,514578.2574,0.25
2026-03-18,509763.7376,509763.4876,0.25
2026-03-19,502061.1093,502060.8593,0.25
2026-03-20,492150.2671,492150.0171,0.25
2026-03-23,490275.4711,490275.2211,0.25
2026-03-24,491182.838,491182.588,0.25
2026-03-25,497766.1486,497765.8986,0.25
2026-03-26,489098.2621,489098.0121,0.25
2026-03-27,493813.162,493812.912,0.25
2026-03-30,493003.1166,493002.8666,0.25
2026-03-31,504646.5455,504646.4655,0.08
2026-04-01,510923.7034,510923.6234,0.08
2026-04-02,507315.7077,507315.6277,0.08
2026-04-06,509318.3069,509318.2269,0.08
2026-04-07,510690.7917,510690.7117,0.08
2026-04-08,522573.2743,522573.1943,0.08
2026-04-09,521627.6424,521627.5624,0.08
2026-04-10,521478.3643,521478.2843,0.08
2026-04-13,524021.9879,524021.9079,0.08
2026-04-14,530823.822,530823.742,0.08
2026-04-15,528414.9699,528414.8899,0.08
2026-04-16,529924.4288,529924.3488,0.08
2026-04-17,532478.3502,532478.2702,0.08
2026-04-20,530135.5162,530135.4362,0.08
2026-04-21,523822.483,523822.403,0.08
2026-04-22,529810.2381,529810.1581,0.08
2026-04-23,527361.4533,527361.3733,0.08
2026-04-24,531091.5862,531091.5062,0.08
2026-04-27,531483.4974,531483.4174,0.08
2026-04-28,528980.3084,528980.2284,0.08
2026-04-29,528488.017,528487.937,0.08
2026-04-30,534913.8659,534913.7259,0.14
2026-05-01,536208.4878,536208.3478,0.14
2026-05-04,537004.8703,537004.7303,0.14
2026-05-05,544521.2961,544521.1561,0.14
2026-05-06,551792.4713,551792.3313,0.14
2026-05-07,547928.6942,547928.5542,0.14
2026-05-08,561229.0374,561229.0374,-0.0
2026-05-11,564884.1961,564884.1961,-0.0
2026-05-12,558640.4795,558640.4795,-0.0
2026-05-13,561981.2043,561981.2043,-0.0
2026-05-14,564037.6951,564037.6951,-0.0
2026-05-15,552252.854,552252.854,-0.0
2026-05-18,551332.6901,551332.6901,-0.0
2026-05-19,547369.3044,547369.3044,-0.0
2026-05-20,554304.9913,554304.9913,-0.0
2026-05-21,556633.7147,556633.7147,-0.0
2026-05-22,558209.5439,558209.5439,-0.0
2026-05-26,568232.5781,568232.5781,-0.0
2026-05-27,566701.1214,566701.1214,-0.0
2026-05-28,570691.2733,570691.2733,-0.0
2026-05-29,570334.6486,570334.4486,0.2
2026-06-01,573847.8142,573847.6142,0.2
2026-06-02,577593.718,577593.518,0.2
2026-06-03,573638.0089,573637.8089,0.2
2026-06-04,571995.8314,571995.6314,0.2
2026-06-05,546550.684,546550.484,0.2
2026-06-08,553642.4074,553642.2074,0.2
2026-06-09,550797.669,550797.469,0.2
2026-06-10,545786.0793,545785.2493,0.83
2026-06-11,561094.7877,561093.9577,0.83
2026-06-12,563198.1073,563197.2773,0.83
2026-06-15,572846.8259,572845.9959,0.83
2026-06-16,566272.1608,566271.3308,0.83
2026-06-17,562620.6727,562619.8427,0.83
2026-06-18,575645.9143,574615.6543,1030.26
2026-06-22,575502.562,575502.392,0.17
2026-06-23,559819.1278,559818.9578,0.17
2026-06-24,556984.016,556983.846,0.17
2026-06-25,564277.7831,564277.6131,0.17
2026-06-26,560033.2262,560033.0562,0.17
2026-06-29,562553.1825,562553.0125,0.17
2026-06-30,570074.6194,570073.3194,1.3
2026-07-01,564088.9175,564087.6175,1.3
2026-07-02,559755.5742,559754.2742,1.3
2026-07-06,570613.1457,570611.8457,1.3
2026-07-07,561712.1425,561710.8425,1.3
2026-07-08,565242.5355,565241.2355,1.3
2026-07-09,569516.7589,569515.4589,1.3
2026-07-10,568463.1641,568461.8641,1.3
2026-07-13,567173.5712,567172.9212,0.65
2026-07-14,573706.9156,573706.2656,0.65
2026-07-15,574155.4119,574154.7619,0.65
2026-07-16,567028.9472,567028.2972,0.65
2026-07-17,565493.2686,565492.6186,0.65
2026-07-20,564816.6961,564816.0461,0.65
2026-07-21,569552.1077,569551.4577,0.65
2026-07-22,567480.1576,567479.5076,0.65
2026-07-23,571140.9806,571140.3306,0.65
2026-07-24,565388.8994,565388.2494,0.65
2026-07-27,562419.583,562418.933,0.65
2026-07-28,557208.2242,557207.5742,0.65
2026-07-29,552528.8996,552528.2496,0.65
2026-07-30,563182.6308,563181.9808,0.65
2026-07-31,565982.5534,565968.4234,14.13
2026-08-03,565299.444,565285.314,14.13
2026-08-04,573811.2404,573797.1104,14.13
2026-08-05,575745.9648,575731.8348,14.13
2026-08-06,577704.1558,577690.0258,14.13
2026-08-07,583744.9179,583730.7879,14.13
2026-08-10,590277.4097,590276.1497,1.26
2026-08-11,590406.1267,590404.8667,1.26
2026-08-12,595456.8479,595455.5879,1.26
2026-08-13,596325.8016,596324.5416,1.26
